start_year,label,oni_campaign_mean,phase,method,seasons_used
1991,1991/92,1.3,El Nino,"Mean ONI across SON-FMA; practical campaign classifier, not identical to NOAA official episode definition","SON,OND,NDJ,DJF,JFM,FMA"
1992,1992/93,0.083,Neutral,"Mean ONI across SON-FMA; practical campaign classifier, not identical to NOAA official episode definition","SON,OND,NDJ,DJF,JFM,FMA"
1993,1993/94,0.117,Neutral,"Mean ONI across SON-FMA; practical campaign classifier, not identical to NOAA official episode definition","SON,OND,NDJ,DJF,JFM,FMA"
1994,1994/95,0.783,El Nino,"Mean ONI across SON-FMA; practical campaign classifier, not identical to NOAA official episode definition","SON,OND,NDJ,DJF,JFM,FMA"
1995,1995/96,-0.85,La Nina,"Mean ONI across SON-FMA; practical campaign classifier, not identical to NOAA official episode definition","SON,OND,NDJ,DJF,JFM,FMA"
1996,1996/97,-0.3,Neutral,"Mean ONI across SON-FMA; practical campaign classifier, not identical to NOAA official episode definition","SON,OND,NDJ,DJF,JFM,FMA"
1997,1997/98,2.067,El Nino,"Mean ONI across SON-FMA; practical campaign classifier, not identical to NOAA official episode definition","SON,OND,NDJ,DJF,JFM,FMA"
1998,1998/99,-1.25,La Nina,"Mean ONI across SON-FMA; practical campaign classifier, not identical to NOAA official episode definition","SON,OND,NDJ,DJF,JFM,FMA"
1999,1999/00,-1.283,La Nina,"Mean ONI across SON-FMA; practical campaign classifier, not identical to NOAA official episode definition","SON,OND,NDJ,DJF,JFM,FMA"
2000,2000/01,-0.633,La Nina,"Mean ONI across SON-FMA; practical campaign classifier, not identical to NOAA official episode definition","SON,OND,NDJ,DJF,JFM,FMA"
2001,2001/02,-0.133,Neutral,"Mean ONI across SON-FMA; practical campaign classifier, not identical to NOAA official episode definition","SON,OND,NDJ,DJF,JFM,FMA"
2002,2002/03,0.867,El Nino,"Mean ONI across SON-FMA; practical campaign classifier, not identical to NOAA official episode definition","SON,OND,NDJ,DJF,JFM,FMA"
2003,2003/04,0.267,Neutral,"Mean ONI across SON-FMA; practical campaign classifier, not identical to NOAA official episode definition","SON,OND,NDJ,DJF,JFM,FMA"
2004,2004/05,0.583,El Nino,"Mean ONI across SON-FMA; practical campaign classifier, not identical to NOAA official episode definition","SON,OND,NDJ,DJF,JFM,FMA"
2005,2005/06,-0.667,La Nina,"Mean ONI across SON-FMA; practical campaign classifier, not identical to NOAA official episode definition","SON,OND,NDJ,DJF,JFM,FMA"
2006,2006/07,0.533,El Nino,"Mean ONI across SON-FMA; practical campaign classifier, not identical to NOAA official episode definition","SON,OND,NDJ,DJF,JFM,FMA"
2007,2007/08,-1.583,La Nina,"Mean ONI across SON-FMA; practical campaign classifier, not identical to NOAA official episode definition","SON,OND,NDJ,DJF,JFM,FMA"
2008,2008/09,-0.683,La Nina,"Mean ONI across SON-FMA; practical campaign classifier, not identical to NOAA official episode definition","SON,OND,NDJ,DJF,JFM,FMA"
2009,2009/10,1.217,El Nino,"Mean ONI across SON-FMA; practical campaign classifier, not identical to NOAA official episode definition","SON,OND,NDJ,DJF,JFM,FMA"
2010,2010/11,-1.3,La Nina,"Mean ONI across SON-FMA; practical campaign classifier, not identical to NOAA official episode definition","SON,OND,NDJ,DJF,JFM,FMA"
2011,2011/12,-0.75,La Nina,"Mean ONI across SON-FMA; practical campaign classifier, not identical to NOAA official episode definition","SON,OND,NDJ,DJF,JFM,FMA"
2012,2012/13,-0.05,Neutral,"Mean ONI across SON-FMA; practical campaign classifier, not identical to NOAA official episode definition","SON,OND,NDJ,DJF,JFM,FMA"
2013,2013/14,-0.117,Neutral,"Mean ONI across SON-FMA; practical campaign classifier, not identical to NOAA official episode definition","SON,OND,NDJ,DJF,JFM,FMA"
2014,2014/15,0.683,El Nino,"Mean ONI across SON-FMA; practical campaign classifier, not identical to NOAA official episode definition","SON,OND,NDJ,DJF,JFM,FMA"
2015,2015/16,2.3,El Nino,"Mean ONI across SON-FMA; practical campaign classifier, not identical to NOAA official episode definition","SON,OND,NDJ,DJF,JFM,FMA"
2016,2016/17,-0.183,Neutral,"Mean ONI across SON-FMA; practical campaign classifier, not identical to NOAA official episode definition","SON,OND,NDJ,DJF,JFM,FMA"
2017,2017/18,-0.617,La Nina,"Mean ONI across SON-FMA; practical campaign classifier, not identical to NOAA official episode definition","SON,OND,NDJ,DJF,JFM,FMA"
2018,2018/19,0.95,El Nino,"Mean ONI across SON-FMA; practical campaign classifier, not identical to NOAA official episode definition","SON,OND,NDJ,DJF,JFM,FMA"
2019,2019/20,0.667,El Nino,"Mean ONI across SON-FMA; practical campaign classifier, not identical to NOAA official episode definition","SON,OND,NDJ,DJF,JFM,FMA"
2020,2020/21,-0.967,La Nina,"Mean ONI across SON-FMA; practical campaign classifier, not identical to NOAA official episode definition","SON,OND,NDJ,DJF,JFM,FMA"
2021,2021/22,-0.8,La Nina,"Mean ONI across SON-FMA; practical campaign classifier, not identical to NOAA official episode definition","SON,OND,NDJ,DJF,JFM,FMA"
2022,2022/23,-0.55,La Nina,"Mean ONI across SON-FMA; practical campaign classifier, not identical to NOAA official episode definition","SON,OND,NDJ,DJF,JFM,FMA"
2023,2023/24,1.683,El Nino,"Mean ONI across SON-FMA; practical campaign classifier, not identical to NOAA official episode definition","SON,OND,NDJ,DJF,JFM,FMA"
2024,2024/25,-0.283,Neutral,"Mean ONI across SON-FMA; practical campaign classifier, not identical to NOAA official episode definition","SON,OND,NDJ,DJF,JFM,FMA"
2025,2025/26,-0.383,Neutral,"Mean ONI across SON-FMA; practical campaign classifier, not identical to NOAA official episode definition","SON,OND,NDJ,DJF,JFM,FMA"
